Dataset,Gap,Method,NSE,R2,RMSE,MAE,Sim,Time (s),Group
Temperature,1D,MICE-Ridge,0.9100580648204905,0.9100580648202977,1.012041883562422,0.7579472385910273,0.97213666470421,8.430485963821411,Meteorological
Temperature,1D,MICE-LGBM,0.922231047265708,0.9222310472655367,0.9290883041132229,0.6941581290256139,0.9744338490660297,82.29693055152893,Meteorological
Temperature,1D,MLBII-Ridge,0.923512925432274,0.9235129254321094,0.9276780013280196,0.6842640512821923,0.9746757664592026,80.97040700912476,Meteorological
Temperature,1D,MLBII-LGBM,0.9334078954267544,0.9334078954266087,0.8607378882511529,0.6324149589339638,0.9765878340755646,767.6976840496063,Meteorological
Temperature,3D,MICE-Ridge,0.903538383139541,0.9035383831394839,1.0431116859866554,0.7545867760796128,0.9723598482013608,7.265031337738037,Meteorological
Temperature,3D,MICE-LGBM,0.9112314160514857,0.9112314160514329,0.9963899712879449,0.7143931489793284,0.9737474889313852,80.87780094146729,Meteorological
Temperature,3D,MLBII-Ridge,0.9139251119873734,0.9139251119873224,0.9864920060225328,0.7110712615429614,0.9739480570509421,80.91459083557129,Meteorological
Temperature,3D,MLBII-LGBM,0.9206093073244844,0.9206093073244374,0.9471155123827242,0.6705614138867882,0.9753784863520001,773.1017627716064,Meteorological
Temperature,5D,MICE-Ridge,0.9014134725310217,0.9014134725309855,1.0481756237881146,0.7623777283319348,0.9718996382628713,7.473483562469482,Meteorological
Temperature,5D,MICE-LGBM,0.910087801617891,0.910087801617858,1.0039651492465875,0.7192559012325398,0.9735007478028359,80.49661421775818,Meteorological
Temperature,5D,MLBII-Ridge,0.9092518100568678,0.9092518100568349,1.0090300314068756,0.7282058437287511,0.9731792707300133,80.18072414398193,Meteorological
Temperature,5D,MLBII-LGBM,0.916593472498793,0.9165934724987618,0.9661930497557973,0.6878002153479487,0.9746504327158246,776.6215760707855,Meteorological
Temperature,7D,MICE-Ridge,0.9038002512502148,0.9038002512501883,1.0315147705491936,0.748944255107689,0.9723424964805876,7.066059827804565,Meteorological
Temperature,7D,MICE-LGBM,0.9103375740314725,0.9103375740314478,0.9955711357800902,0.7139965029845504,0.9736446399902703,81.0205569267273,Meteorological
Temperature,7D,MLBII-Ridge,0.9110421073048574,0.9110421073048331,0.9971152167096987,0.7231289259367969,0.9733549542215029,79.79736137390137,Meteorological
Temperature,7D,MLBII-LGBM,0.9176375680181849,0.917637568018162,0.9570030822899322,0.6820562878844706,0.9748232457960728,780.364964723587,Meteorological
Wind Speed,1D,MICE-Ridge,0.2671671929007634,0.2671671928933329,1.2740777986089746,0.9128814224566558,0.9552146308869152,7.142600059509277,Meteorological
Wind Speed,1D,MICE-LGBM,0.29973180355064916,0.2997318035433377,1.2292937366564822,0.8692765626114377,0.9566843096960437,65.80777382850647,Meteorological
Wind Speed,1D,MLBII-Ridge,0.3457102336411596,0.34571023363423586,1.1714246157622954,0.8298535494058761,0.9583898336573884,80.34555864334106,Meteorological
Wind Speed,1D,MLBII-LGBM,0.37360138090512707,0.3736013808984257,1.1440279428093703,0.8033065247291923,0.9595495321311482,522.127063035965,Meteorological
Wind Speed,3D,MICE-Ridge,0.29939257249552326,0.299392572493427,1.1550482751248807,0.891574980931792,0.9547898041984066,7.543778896331787,Meteorological
Wind Speed,3D,MICE-LGBM,0.32358635425180476,0.32358635424974425,1.1204294293810668,0.8548905215977503,0.9562437868545118,76.40457773208618,Meteorological
Wind Speed,3D,MLBII-Ridge,0.3615274285158599,0.361527428513886,1.0774018884457144,0.8261121896784765,0.9572448703935413,80.92012763023376,Meteorological
Wind Speed,3D,MLBII-LGBM,0.3812651786533266,0.3812651786514056,1.0552448144307756,0.803012513342665,0.9583064783387623,621.278546333313,Meteorological
Wind Speed,5D,MICE-Ridge,0.3087032960732579,0.30870329607205427,1.2203528982727527,0.9096419917678756,0.9545969978523243,6.855258464813232,Meteorological
Wind Speed,5D,MICE-LGBM,0.34168654776304347,0.3416865477618789,1.1832620999461791,0.8728559667462655,0.9561700316650761,90.01525616645813,Meteorological
Wind Speed,5D,MLBII-Ridge,0.3691567587819813,0.36915675878085014,1.1463903187462223,0.8469025774464741,0.9568566561175462,80.48131275177002,Meteorological
Wind Speed,5D,MLBII-LGBM,0.3917840074049616,0.39178400740386116,1.124350389180058,0.8245040115572552,0.9580965857042952,780.2913341522217,Meteorological
Wind Speed,7D,MICE-Ridge,0.30081656936082424,0.30081656935987283,1.1400167438477153,0.8796972106649126,0.9552884020860751,6.870736837387085,Meteorological
Wind Speed,7D,MICE-LGBM,0.33538241376461114,0.3353824137636989,1.1027752923157281,0.8489937041785007,0.9565891037560137,92.10481452941895,Meteorological
Wind Speed,7D,MLBII-Ridge,0.3502844097545641,0.3502844097536659,1.0856471012736533,0.8368363171423243,0.9568541162072468,79.8877763748169,Meteorological
Wind Speed,7D,MLBII-LGBM,0.3717213255155721,0.3717213255147024,1.0702824035632388,0.8220316724776225,0.9579257944391635,812.3774814605713,Meteorological
ETTh1,1D,MICE-Ridge,0.7785557383312073,0.778555738330805,1.812142355336397,1.325001482937434,0.9624040419493491,0.3090932369232178,ETT
ETTh1,1D,MICE-LGBM,0.8388702421858055,0.8388702421855412,1.4380614833899688,1.0906488352755457,0.9697503270664328,4.9330549240112305,ETT
ETTh1,1D,MLBII-Ridge,0.6733599816788124,0.6733599816779193,1.822411819259503,1.2190847663350046,0.9593058594782076,2.4177396297454834,ETT
ETTh1,1D,MLBII-LGBM,0.9267871245255062,0.9267871245252185,0.6310290990612574,0.45286947955646345,0.9804998601166558,26.979317665100098,ETT
ETTh1,3D,MICE-Ridge,0.7722275042916722,0.7722275042914831,1.909791450170944,1.5279257195523814,0.9585879218509327,0.30588507652282715,ETT
ETTh1,3D,MICE-LGBM,0.8537039509392067,0.8537039509390884,1.5523063019206338,1.1064803783917843,0.9685084270065064,4.8133580684661865,ETT
ETTh1,3D,MLBII-Ridge,0.27555274953665526,0.2755527495359199,2.4967660883281715,1.5649288401616335,0.9536424090658108,2.4270997047424316,ETT
ETTh1,3D,MLBII-LGBM,0.9049184665015754,0.9049184665014703,0.9456201429485708,0.6010433170931095,0.9775764893460973,27.658433437347412,ETT
ETTh1,5D,MICE-Ridge,0.7352205834478395,0.735220583447684,1.7057801313950556,1.2747398133372376,0.9609469104190997,0.3010537624359131,ETT
ETTh1,5D,MICE-LGBM,0.8222281879454646,0.8222281879453661,1.3801687066056962,0.94934043786896,0.9696475505758245,4.959825038909912,ETT
ETTh1,5D,MLBII-Ridge,0.4501306509780125,0.4501306509777443,2.315876924104289,1.5299382420982697,0.954234533177577,2.308029890060425,ETT
ETTh1,5D,MLBII-LGBM,0.8961708672814978,0.896170867281431,0.942296114248637,0.5761505318805618,0.9770992951801244,27.568476676940918,ETT
ETTh1,7D,MICE-Ridge,0.7404631223891137,0.7404631223890507,2.056828482037124,1.4332173338391168,0.9601068019594968,0.2905106544494629,ETT
ETTh1,7D,MICE-LGBM,0.8055823507066858,0.8055823507066266,1.6590163579199637,1.0979265933043294,0.9670406004933259,4.798840761184692,ETT
ETTh1,7D,MLBII-Ridge,0.6559032259801044,0.6559032259800135,2.1988861998184763,1.4876605003082244,0.9546222320283109,2.286163330078125,ETT
ETTh1,7D,MLBII-LGBM,0.8560316868902424,0.8560316868901827,1.2289409204899175,0.6940235865551713,0.9733075452248763,27.226492881774902,ETT
ETTh2,1D,MICE-Ridge,0.6592274584027302,0.6592274584027109,5.277660281811683,3.451723646490489,0.9491609041967823,0.30994629859924316,ETT
ETTh2,1D,MICE-LGBM,0.8468412988575793,0.846841298857574,3.384519157955036,1.756636190291945,0.9752357689754002,4.9695751667022705,ETT
ETTh2,1D,MLBII-Ridge,0.9345343173658145,0.9345343173658068,1.8972147304293452,1.4594776525611888,0.976456742902734,2.499689817428589,ETT
ETTh2,1D,MLBII-LGBM,0.9058973249591844,0.9058973249591783,2.0855332328306555,1.1299609445223606,0.9800183667779809,27.80427360534668,ETT
ETTh2,3D,MICE-Ridge,0.41204664534845165,0.41204664534833046,5.104263923242283,3.5205036905859575,0.9463482825274354,0.3153538703918457,ETT
ETTh2,3D,MICE-LGBM,0.8535268811330919,0.8535268811330756,2.8017413763584753,1.7081223620335382,0.9733100772657536,4.80267333984375,ETT
ETTh2,3D,MLBII-Ridge,0.8534255737058382,0.8534255737058183,2.783559793335961,2.0486051793846305,0.9687669903855616,2.5038955211639404,ETT
ETTh2,3D,MLBII-LGBM,0.9241386749917327,0.9241386749917176,1.8864529725433095,1.1748402120754389,0.9803404900692374,27.42727518081665,ETT
ETTh2,5D,MICE-Ridge,0.46600482301555296,0.46600482301548485,5.378030550334157,3.694718081667701,0.9474340682259547,0.295060396194458,ETT
ETTh2,5D,MICE-LGBM,0.7381984601628548,0.7381984601628349,3.980080497330996,2.316830442213156,0.9677940140108303,4.969176769256592,ETT
ETTh2,5D,MLBII-Ridge,0.7503549414159633,0.7503549414159363,3.676317264296142,2.5617018173164925,0.9618205110998479,2.3416805267333984,ETT
ETTh2,5D,MLBII-LGBM,0.8519885297503198,0.8519885297503065,3.014309276374845,1.6992600275167244,0.9742446744745142,27.275959491729736,ETT
ETTh2,7D,MICE-Ridge,0.28543032411050107,0.28543032411036057,5.016604939834144,3.5707053103903483,0.9497253013996255,0.29561471939086914,ETT
ETTh2,7D,MICE-LGBM,0.7392278900177861,0.7392278900177681,4.663952073677501,2.4262990567516884,0.9684972104723967,4.8008105754852295,ETT
ETTh2,7D,MLBII-Ridge,0.7825361257899266,0.782536125789913,4.256431706947724,2.6753190198731325,0.9632740118407394,2.322829484939575,ETT
ETTh2,7D,MLBII-LGBM,0.8497254449761895,0.8497254449761813,3.7540030056516476,1.8289621034885872,0.9750736462006973,26.87524437904358,ETT
ETTm1,1D,MICE-Ridge,0.7777635099816449,0.7777635099815455,1.816703387460272,1.3308739754611196,0.9625898753021015,0.9104530811309814,ETT
ETTm1,1D,MICE-LGBM,0.8429842378609631,0.8429842378609037,1.4173806427525482,1.0871929723283622,0.9703258466823497,10.147473812103271,ETT
ETTm1,1D,MLBII-Ridge,0.5444044551834502,0.5444044551832553,2.4065873660881016,1.5788699561143342,0.9538375409023105,8.346770524978638,ETT
ETTm1,1D,MLBII-LGBM,0.8924436116544024,0.8924436116542847,0.6483990987918471,0.4646159891796353,0.9776731638732284,67.0012092590332,ETT
ETTm1,3D,MICE-Ridge,0.7801913156986938,0.7801913156986517,1.8969321689897147,1.5206620510884807,0.9596028841953543,0.8692293167114258,ETT
ETTm1,3D,MICE-LGBM,0.8612550530567448,0.8612550530567186,1.534749557744091,1.0905942369012716,0.96942950151523,9.812349796295166,ETT
ETTm1,3D,MLBII-Ridge,0.42388522860383837,0.42388522860376554,2.9775309612620346,1.9918644410797681,0.9470753180181498,8.04160189628601,ETT
ETTm1,3D,MLBII-LGBM,0.8555906505755273,0.8555906505754827,0.9908078492231495,0.6427886706827357,0.974231044009748,66.75900888442993,ETT
ETTm1,5D,MICE-Ridge,0.7380595062537001,0.7380595062536627,1.700198455036833,1.2715506867273043,0.9614908338313969,0.9009737968444824,ETT
ETTm1,5D,MICE-LGBM,0.836744168069126,0.8367441680691046,1.3563893887289749,0.9196961119310335,0.9708845164547955,10.084172487258911,ETT
ETTm1,5D,MLBII-Ridge,0.37973274816672326,0.3797327481666791,2.9414146595573283,2.055660463558136,0.9432913571134505,7.889241456985474,ETT
ETTm1,5D,MLBII-LGBM,0.8404635594565008,0.8404635594564712,1.0406012583399398,0.6639376963446184,0.9718417962843909,65.61577033996582,ETT
ETTm1,7D,MICE-Ridge,0.7421500918226099,0.7421500918225951,2.0655423215296627,1.4351611473116297,0.9606296272449921,0.8553144931793213,ETT
ETTm1,7D,MICE-LGBM,0.8340639496137235,0.8340639496137107,1.5215865931312287,1.0344047347949952,0.9687686022170896,10.047966241836548,ETT
ETTm1,7D,MLBII-Ridge,0.45274840511909203,0.4527484051190656,2.9269923950797536,2.0326063625883206,0.9405212162626974,7.7795727252960205,ETT
ETTm1,7D,MLBII-LGBM,0.8276921132174963,0.8276921132174783,1.3146280398318866,0.781528593431586,0.9696334534510986,63.798460245132446,ETT
ETTm2,1D,MICE-Ridge,0.6587801690659105,0.6587801690659056,5.289749123774712,3.4694115033545145,0.949554369720157,0.8922545909881592,ETT
ETTm2,1D,MICE-LGBM,0.8430741307058242,0.8430741307058228,3.4410005863795843,1.7675735536868973,0.9754885821345175,10.017635583877563,ETT
ETTm2,1D,MLBII-Ridge,0.9205601324074336,0.9205601324074311,2.056237862613113,1.5424639827713287,0.9760459014305436,8.126533031463623,ETT
ETTm2,1D,MLBII-LGBM,0.9059091445767403,0.905909144576739,2.4487727445557104,1.3037781067276915,0.9784010901370327,68.8550078868866,ETT
ETTm2,3D,MICE-Ridge,0.412094430650318,0.412094430650288,5.118226553188102,3.535445780538399,0.9468274020386289,0.8767907619476318,ETT
ETTm2,3D,MICE-LGBM,0.860788157163282,0.8607881571632786,2.7735125080932677,1.6749566669394587,0.9740743009712244,9.91869306564331,ETT
ETTm2,3D,MLBII-Ridge,0.8332294636059611,0.833229463605955,2.9121634279444817,2.2028567171496234,0.9672917056088942,8.01438593864441,ETT
ETTm2,3D,MLBII-LGBM,0.8923502377835799,0.8923502377835754,2.282630352200944,1.4196170637522625,0.9774807907456682,67.86766719818115,ETT
ETTm2,5D,MICE-Ridge,0.46297290526040097,0.4629729052603841,5.4365845059912,3.7172517754628087,0.9479314897402941,0.8724465370178223,ETT
ETTm2,5D,MICE-LGBM,0.7359586663602009,0.7359586663601954,3.964718210752861,2.283652042397508,0.9685096966448917,10.059378147125244,ETT
ETTm2,5D,MLBII-Ridge,0.7344558551653261,0.7344558551653195,3.812225002955998,2.704143460577425,0.9605439280122565,7.958640813827515,ETT
ETTm2,5D,MLBII-LGBM,0.8197118464291803,0.819711846429176,3.335196722858758,2.026392470383308,0.970232228137884,66.07163214683533,ETT
ETTm2,7D,MICE-Ridge,0.25939203329276245,0.2593920332927254,5.05155750947535,3.5886717202174054,0.9501915433356681,0.8368542194366455,ETT
ETTm2,7D,MICE-LGBM,0.6746988519641747,0.6746988519641653,4.682397632664829,2.3916231403417862,0.9691301110388337,9.978064775466919,ETT
ETTm2,7D,MLBII-Ridge,0.7645489274215912,0.7645489274215881,4.491022777626904,2.8683161276238898,0.9618708056306996,7.74713659286499,ETT
ETTm2,7D,MLBII-LGBM,0.8155267081880034,0.8155267081880009,4.152115104229189,2.317654367084653,0.969615019678711,64.95407199859619,ETT
