group,mode,input,feature,encoder,fusion,classifier,pretrained,frozen,best_epoch,weight_file,paper_f1,paper_precision,paper_recall,macro_f1,macro_precision,macro_recall,weighted_f1,weighted_precision,weighted_recall,accuracy,binary_contact_f1,ambient_precision,ambient_recall,ambient_f1,ambient_support,leaf_precision,leaf_recall,leaf_f1,leaf_support,trunk_precision,trunk_recall,trunk_f1,trunk_support,twig_precision,twig_recall,twig_f1,twig_support
handcrafted,audio_deep_mlp_mfcc,mfcc,mfcc,handcrafted,none,mlp,False,False,21.0,/kaggle/working/outputs/variants/best_audio_deep_mlp_mfcc_model.pt,0.6722989935280052,0.7687564008007414,0.7078449053201082,0.5462984154873951,0.6660194072708769,0.5984575538071132,0.6722989935280052,0.7687564008007414,0.7078449053201082,0.7078449053201082,0.9372586872586872,0.9059205190592052,0.9876215738284704,0.9450084602368867,1131,0.39158576051779936,0.825938566552901,0.531284302963776,293,0.8648648648648649,0.13882863340563992,0.23925233644859814,461,0.5017064846416383,0.44144144144144143,0.4696485623003195,333
handcrafted,audio_deep_mlp_mfcc_fft,mfcc_fft,mfcc_fft,handcrafted,none,mlp,False,False,24.0,/kaggle/working/outputs/variants/best_audio_deep_mlp_mfcc_fft_model.pt,0.6734119352372069,0.7548946457231382,0.7033363390441839,0.5444715293696183,0.6493661294127941,0.5777298150584422,0.6734119352372069,0.7548946457231382,0.7033363390441839,0.7033363390441839,0.9315068493150684,0.8929421094369548,0.995579133510168,0.9414715719063546,1131,0.3836734693877551,0.6416382252559727,0.48020434227330777,293,0.8764044943820225,0.16919739696312364,0.28363636363636363,461,0.4444444444444444,0.5045045045045045,0.47257383966244726,333
handcrafted,audio_deep_mlp_stft,stft,stft,handcrafted,none,mlp,False,False,7.0,/kaggle/working/outputs/variants/best_audio_deep_mlp_stft_model.pt,0.6829926074974512,0.688931702108768,0.6992786293958522,0.5441655107874119,0.5625400552577914,0.5517385838452965,0.6829926074974512,0.688931702108768,0.6992786293958522,0.6992786293958522,0.9426070038910506,0.9055244195356285,1.0,0.9504201680672268,1131,0.38636363636363635,0.4641638225255973,0.42170542635658914,293,0.559322033898305,0.28633405639913234,0.3787661406025825,461,0.3989501312335958,0.45645645645645644,0.4257703081232493,333
handcrafted,audio_ml_xgboost_mfcc_fft,mfcc_fft,mfcc_fft,handcrafted,none,xgboost,False,False,,,0.6327659848667864,0.665992848442975,0.6753832281334535,0.4998679066400375,0.5675482324056533,0.5195258779987038,0.6327659848667864,0.665992848442975,0.6753832281334535,0.6753832281334535,0.8694747789911597,0.8183791606367583,1.0,0.9001193792280143,1131,0.3836734693877551,0.32081911262798635,0.34944237918215615,293,0.6521739130434783,0.16268980477223427,0.2604166666666667,461,0.41596638655462187,0.5945945945945946,0.4894932014833127,333
handcrafted,audio_ml_xgboost_mfcc,mfcc,mfcc,handcrafted,none,xgboost,False,False,,,0.6253546210122896,0.6611594315168008,0.6686203787195671,0.4895940690132723,0.5527984668615439,0.517988907388624,0.6253546210122896,0.6611594315168008,0.6686203787195671,0.6686203787195671,0.8863868986693961,0.8364174685418209,0.9991158267020336,0.9105560032232071,1131,0.375,0.4812286689419795,0.42152466367713004,293,0.6067415730337079,0.11713665943600868,0.19636363636363635,461,0.39303482587064675,0.4744744744744745,0.42993197278911566,333
handcrafted,audio_ml_xgboost_fft,fft,fft,handcrafted,none,xgboost,False,False,,,0.628879394838192,0.6434409067938077,0.6717763751127142,0.4834263823972553,0.5387979422957747,0.4999650589119834,0.628879394838192,0.6434409067938077,0.6717763751127142,0.6717763751127142,0.8589407446250655,0.8082975679542204,0.9991158267020336,0.8936338473705022,1131,0.3387096774193548,0.14334470989761092,0.2014388489208633,293,0.609375,0.25379609544468545,0.35834609494640124,461,0.39880952380952384,0.6036036036036037,0.48028673835125446,333
handcrafted,audio_deep_mlp_fft,fft,fft,handcrafted,none,mlp,False,False,7.0,/kaggle/working/outputs/variants/best_audio_deep_mlp_fft_model.pt,0.6215812276914319,0.6239267547260702,0.6812443642921551,0.4745696459934532,0.5325157593556583,0.49975280851937076,0.6215812276914319,0.6239267547260702,0.6812443642921551,0.6812443642921551,0.7960199004975125,0.7546791443850267,0.9982316534040672,0.8595355919299581,1131,0.2631578947368421,0.017064846416382253,0.03205128205128205,293,0.6472727272727272,0.38611713665943603,0.483695652173913,461,0.4649532710280374,0.5975975975975976,0.5229960578186597,333
handcrafted,audio_ml_random_forest_fft,fft,fft,handcrafted,none,random_forest,False,False,,,0.5987785061144082,0.6342684574871521,0.654643823264202,0.46473483729663567,0.541868362792478,0.49053428931078746,0.5987785061144082,0.6342684574871521,0.654643823264202,0.654643823264202,0.8294782140935987,0.7814661134163209,0.9991158267020336,0.8769887466045789,1131,0.38427947598253276,0.3003412969283277,0.3371647509578544,293,0.6,0.10412147505422993,0.17744916820702403,461,0.4017278617710583,0.5585585585585585,0.46733668341708545,333
handcrafted,audio_ml_random_forest_mfcc_fft,mfcc_fft,mfcc_fft,handcrafted,none,random_forest,False,False,,,0.5942266709551992,0.631927881065565,0.6573489630297565,0.4618399103798262,0.5367839560637317,0.5013670813396733,0.5942266709551992,0.631927881065565,0.6573489630297565,0.6573489630297565,0.8400852878464818,0.7907627711686495,0.9991158267020336,0.8828125,1131,0.3804347826086957,0.3583617747440273,0.36906854130052724,293,0.5531914893617021,0.05639913232104121,0.10236220472440945,461,0.4227467811158798,0.5915915915915916,0.493116395494368,333
handcrafted,audio_ml_xgboost_stft,stft,stft,handcrafted,none,xgboost,False,False,,,0.6127107760548206,0.6670042098699079,0.6555455365193869,0.4615348342174095,0.5416482037699143,0.4985490743321056,0.6127107760548206,0.6670042098699079,0.6555455365193869,0.6555455365193869,0.9067331670822942,0.8630769230769231,0.9920424403183024,0.9230769230769231,1131,0.30625,0.33447098976109213,0.3197389885807504,293,0.6363636363636364,0.0911062906724512,0.15939278937381404,461,0.3609022556390977,0.5765765765765766,0.4439306358381503,333
handcrafted,audio_ml_logreg_mfcc_fft,mfcc_fft,mfcc_fft,handcrafted,none,logreg,False,False,,,0.5968907808175197,0.5972262638045006,0.6226330027051398,0.45079519180162164,0.47094890259122413,0.46049184091237727,0.5968907808175197,0.5972262638045006,0.6226330027051398,0.6226330027051398,0.842,0.8122605363984674,0.9372236958443855,0.8702791461412152,1131,0.26141078838174275,0.2150170648464164,0.23595505617977527,293,0.4657534246575342,0.22125813449023862,0.3,461,0.3443708609271523,0.46846846846846846,0.3969465648854962,333
handcrafted,audio_ml_logreg_stft,stft,stft,handcrafted,none,logreg,False,False,,,0.5899463476347572,0.5992014118523532,0.6397655545536519,0.4374244524250066,0.4879726820936827,0.4547741106916516,0.5899463476347572,0.5992014118523532,0.6397655545536519,0.6397655545536519,0.8336909871244635,0.7848716169326856,1.0,0.8794712286158631,1131,0.31333333333333335,0.16040955631399317,0.21218961625282168,293,0.5098039215686274,0.16919739696312364,0.254071661237785,461,0.3438818565400844,0.4894894894894895,0.40396530359355637,333
handcrafted,audio_ml_random_forest_stft,stft,stft,handcrafted,none,random_forest,False,False,,,0.589172608404695,0.6379999297993258,0.6415689810640216,0.43532714443675535,0.5184878284271259,0.4723475353083175,0.589172608404695,0.6379999297993258,0.6415689810640216,0.6415689810640216,0.8775720164609053,0.8280675973548861,0.9964633068081344,0.9044943820224719,1131,0.3172690763052209,0.2696245733788396,0.2915129151291513,293,0.5964912280701754,0.0737527114967462,0.13127413127413126,461,0.33212341197822143,0.5495495495495496,0.41402714932126694,333
handcrafted,audio_ml_random_forest_mfcc,mfcc,mfcc,handcrafted,none,random_forest,False,False,,,0.581433253048764,0.6081726049024431,0.6379621280432822,0.4338032079905701,0.4915044033155256,0.4735874916176526,0.581433253048764,0.6081726049024431,0.6379621280432822,0.6379621280432822,0.8607329842931937,0.8100358422939068,0.9991158267020336,0.894695170229612,1131,0.3227848101265823,0.5221843003412969,0.39895697522816165,293,0.4745762711864407,0.06073752711496746,0.1076923076923077,461,0.3586206896551724,0.3123123123123123,0.33386837881219905,333
handcrafted,audio_ml_linear_svm_stft,stft,stft,handcrafted,none,linear_svm,False,False,,,0.5684876876282239,0.5787640034660351,0.6280432822362488,0.42715969077557175,0.4936977054846067,0.4327601108767589,0.5684876876282239,0.5787640034660351,0.6280432822362488,0.6280432822362488,0.7331002331002331,0.7117684078036501,1.0,0.8316176470588236,1131,0.31851851851851853,0.14675767918088736,0.20093457943925233,293,0.5534591194968553,0.19088937093275488,0.2838709677419355,461,0.39104477611940297,0.3933933933933934,0.39221556886227543,333
handcrafted,audio_ml_logreg_mfcc,mfcc,mfcc,handcrafted,none,logreg,False,False,,,0.5728894053880085,0.5734028034978538,0.5973850315599639,0.4271103082389577,0.4371688847068583,0.4471370498047133,0.5728894053880085,0.5734028034978538,0.5973850315599639,0.5973850315599639,0.8465660009741841,0.8258785942492013,0.9142351900972591,0.8678136802349979,1131,0.30548302872062666,0.3993174061433447,0.34615384615384615,293,0.3333333333333333,0.12364425162689804,0.18037974683544303,461,0.28398058252427183,0.35135135135135137,0.31409395973154364,333
handcrafted,audio_ml_linear_svm_mfcc_fft,mfcc_fft,mfcc_fft,handcrafted,none,linear_svm,False,False,,,0.5755905502391784,0.5737342790687678,0.6163210099188458,0.42142575503394464,0.44942881159770676,0.4379250124594851,0.5755905502391784,0.5737342790687678,0.6163210099188458,0.6163210099188458,0.8210197710718002,0.7845263919016631,0.9593280282935456,0.8631662688941926,1131,0.23529411764705882,0.13651877133105803,0.17278617710583152,293,0.4473684210526316,0.1843817787418655,0.261136712749616,461,0.33052631578947367,0.47147147147147145,0.3886138613861386,333
handcrafted,audio_ml_linear_svm_mfcc,mfcc,mfcc,handcrafted,none,linear_svm,False,False,,,0.5485542835299101,0.5566723107875217,0.5991884580703336,0.4027424357644489,0.44458712529223093,0.4222476373357366,0.5485542835299101,0.5566723107875217,0.5991884580703336,0.5991884580703336,0.7790948275862069,0.748792270531401,0.9593280282935456,0.8410852713178295,1131,0.26973684210526316,0.27986348122866894,0.2747068676716918,293,0.43564356435643564,0.09544468546637744,0.15658362989323843,461,0.3241758241758242,0.35435435435435436,0.3385939741750359,333
handcrafted,audio_ml_logreg_fft,fft,fft,handcrafted,none,logreg,False,False,,,0.5254751128388776,0.5297913957657132,0.609107303877367,0.38279925006860965,0.4586266115729104,0.39306584834373515,0.5254751128388776,0.5297913957657132,0.609107303877367,0.609107303877367,0.5506666666666666,0.6265927977839335,1.0,0.7704359673024523,1131,0.09090909090909091,0.006825938566552901,0.012698412698412698,293,0.5297029702970297,0.23210412147505424,0.32277526395173456,461,0.5873015873015873,0.3333333333333333,0.42528735632183906,333
handcrafted,audio_ml_linear_svm_fft,fft,fft,handcrafted,none,linear_svm,False,False,,,0.5125283402312683,0.5456988600305622,0.6000901713255185,0.3729477740919515,0.48958357460871565,0.3795099931392899,0.5125283402312683,0.5456988600305622,0.6000901713255185,0.6000901713255185,0.47224174279690795,0.6009564293304994,1.0,0.7507467640225689,1131,0.07142857142857142,0.006825938566552901,0.012461059190031152,293,0.6369426751592356,0.21691973969631237,0.32362459546925565,461,0.6490066225165563,0.29429429429429427,0.4049586776859504,333
